,time [s],altitude [m],ground_distance [m],mass [kg],true_airspeed [m/s],equivalent_airspeed [m/s],mach [-],engine_setting,CL [-],CD [-],drag [N],thrust [N],thrust_rate [-],thrust_is_regulated,sfc [kg/N/s],name,gamma [rad],alpha [deg],CL_wing [-],CL_htp [-],battery_power [W],motor_input_power [W],powertrain_power_input [W],l_d_ratio,CD_tot,CD0,CD0_flaps,CD_ind_wing,CD_ind_htp,cd_delta_e,rpm [rpm],shaft_power [W]
0,0.0,15.24,0.0,1435.9726081477654,48.57188536923714,48.53635994246368,0.14275907324769094,2,1.2056071592649444,,,2282.7607059629536,1.0,False,,sizing:main_route:climb,0.09449048730982962,8.120685401708531,1.03803412282983,0.16757303643511445,155499.082883592,12445.109933450143,,14.864171548045428,0.08196765798172588,0.03419019813706738,0.0,0.04180841479385629,0.005913876514658416,5.516853614379033e-05,3866.2894799713204,11740.019292137842
1,4.0,33.571018095024534,193.4208431083809,1435.9726081477654,48.61439885938986,48.53609241558194,0.14291358690904926,2,1.205622125013212,,,2282.6553021598943,1.0,False,,sizing:main_route:climb,0.09448311046798367,8.120828513185423,1.0380464384817099,0.1675756865315022,155508.99135702645,12445.902941607348,,14.864180233106882,0.08196837585259034,0.03419019813706738,0.0,0.041808901462064486,0.00591410673109681,5.516952236165975e-05,3869.636045138823,11740.01441047272
2,8.0,51.916652686883076,387.01111692083145,1435.9726081477654,48.657000565923994,48.53582398907069,0.14306845364415918,2,1.2056371739734617,,,2282.547695894503,1.0,False,,sizing:main_route:climb,0.09447561150793107,8.120972927640912,1.0380588126177426,0.16757836135571902,155518.92331585253,12446.697829378729,,14.864196241165907,0.08196908797867879,0.03419019813706738,0.0,0.0418093800963118,0.005914339243019373,5.517050228022642e-05,3872.988576312077,11740.009436572494
3,12.0,70.27691090287325,580.7711751975552,1435.9726081477654,48.69969072561842,48.53555465915414,0.14322367449546555,2,1.2056523082149475,,,2282.4378843512714,1.0,False,,sizing:main_route:climb,0.09446796324896944,8.121118700018963,1.0380712510482393,0.1675810571667085,155528.8788659764,12447.49460524031,,14.864213557192636,0.0819697945758218,0.03419019813706738,0.0,0.04180985113444737,0.005914573801566434,5.517150274063586e-05,3876.347088397492,11740.004373162963
4,16.0,88.6517946183659,774.7013731471689,1435.9726081477654,48.7424695638175,48.53528442211338,0.1433792504647482,2,1.2056675279747429,,,2282.325864755617,1.0,False,,sizing:main_route:climb,0.09446016550220496,8.121265833065433,1.0380837539651364,0.16758377400960636,155538.85811173831,12448.293277542783,,14.864232182748776,0.08197049564682886,0.03419019813706738,0.0,0.04181031457508056,0.00591481041088805,5.517252379286935e-05,3879.7115953937787,11739.999223051467
5,20.0,107.04130567279549,968.8020668864076,1435.9726081477654,48.785337306523715,48.53501327421111,0.14353518255707073,2,1.205682833488142,,,2282.2116343442103,1.0,False,,sizing:main_route:climb,0.09445221807989784,8.121414329500322,1.0380963215579269,0.1675865119302152,155548.86115873442,12449.093854737375,,14.864252119480481,0.08197119119439641,0.03419019813706738,0.0,0.04181077041667525,0.005915049075173253,5.5173565480531116e-05,3883.082111343941,11739.993989125842
6,24.0,125.4454458696578,1163.0736134427548,1435.9726081477654,48.82829418040335,48.53474121169505,0.14369147178080402,2,1.2056982249883408,,,2282.095190364929,1.0,False,,sizing:main_route:climb,0.0944441207951369,8.121564192040902,1.0381089540161377,0.1675892709722031,155558.88811382148,12449.896345376179,,14.864273369046707,0.0819718812211265,0.03419019813706738,0.0,0.04181121865774135,0.005915289798458849,5.5174627858924096e-05,3886.458650335525,11739.988674354616
7,28.0,143.86421697644582,1357.5163707570966,1435.9726081477654,48.87134041278304,48.53446823079203,0.14384811914762105,2,1.2057137027126192,,,2281.9765300771123,1.0,False,,sizing:main_route:climb,0.09443587346169438,8.12171542342378,1.038121651531733,0.16759205118088608,155568.93908512226,12450.700758112616,,14.864295933082756,0.08197256572997219,0.03419019813706738,0.0,0.04181165929702742,0.005915532584900688,5.5175710976710766e-05,3889.841226500677,11739.98328178745
8,32.0,162.2976207245541,1552.1306976863673,1435.9726081477654,48.91447623165512,48.53419432771122,0.14400512567251908,2,1.2057292668932098,,,2281.8556507515123,1.0,False,,sizing:main_route:climb,0.09442747589463364,8.12186802634263,1.0381344142923998,0.16759485260080992,155579.014182031,12451.50710170188,,14.864319813336511,0.08197324472353103,0.03419019813706738,0.0,0.041812092332993295,0.005915777438588164,5.517681488217551e-05,3893.2298540163897,11739.977814555457
9,36.0,180.7456588093024,1746.9169540062067,1435.9726081477654,48.957701865681656,48.53391949864562,0.14416249237383738,2,1.2057449177718431,,,2281.732549670296,1.0,False,,sizing:main_route:climb,0.09441892790879207,8.122022003569679,1.038147242494618,0.16759767527722458,155589.11351521668,12452.315385001177,,14.864345011330268,0.08197391820520568,0.03419019813706738,0.0,0.041812517764831414,0.005916024363677969,5.517793962890227e-05,3896.624547104713,11739.972275871345
10,40.0,199.20833288966355,1941.8755004136567,1435.9726081477654,49.00101754419404,48.53364373976977,0.14432022027326158,2,1.2057606555787823,,,2281.6072241271977,1.0,False,,sizing:main_route:climb,0.09441022932131292,8.122177357783238,1.0381601363251085,0.16760051925367395,155599.2371966301,12453.125616970294,,14.864371528922794,0.08197458617753682,0.03419019813706738,0.0,0.041812935591017744,0.005916273364182263,5.517908526943679e-05,3900.025320032864,11739.966669029942
11,44.0,217.68564458848363,2137.0066985298145,1435.9726081477654,49.04442349719469,48.53336704723858,0.14447831039583542,2,1.205776480559123,,,2281.479671427593,1.0,False,,sizing:main_route:climb,0.09440137994838492,8.122334091768506,1.0381730959824542,0.1676033845766688,155609.3853395069,12453.937806671873,,14.864399367581274,0.08197524864427012,0.03419019813706738,0.0,0.041813345811004064,0.0059165244443463005,5.5180251852394385e-05,3903.432187113415,11739.96099740833
12,48.0,236.17759549206505,2332.310910902549,1435.9726081477654,49.08791995536109,48.53308941718976,0.14463676376997767,2,1.2057923929467518,,,2281.349888888506,1.0,False,,sizing:main_route:climb,0.09439237960846576,8.122492208231153,1.0381861216570265,0.16760627128972558,155619.5580583744,12454.751963271898,,14.864428529099893,0.08197590560833143,0.03419019813706738,0.0,0.04181374842364613,0.005916777608183814,5.5181439434089207e-05,3906.84516270448,11739.955264466316
13,52.0,254.68418715037862,2527.788501009179,1435.9726081477654,49.131507150046026,48.53281084574105,0.14479558142748958,2,1.2058083929854142,,,2281.2178738387274,1.0,False,,sizing:main_route:climb,0.09438322811933984,8.122651709927261,1.0381992135449831,0.16760917944043094,155629.7554690544,12455.568096039982,,14.864459014942002,0.08197655707342784,0.03419019813706738,0.0,0.041814143428301004,0.005917032860005039,5.5182648054418296e-05,3910.2642612098716,11739.94947374657
14,56.0,273.20542107669985,2723.4398332591973,1435.9726081477654,49.17518531328204,48.5325313289931,0.1449547644035736,2,1.205824480910056,,,2281.083623618801,1.0,False,,sizing:main_route:climb,0.09437392530146572,8.122812599582886,1.038212371839602,0.1676121090704541,155639.97768866958,12456.386214349854,,14.86449082698666,0.08197720304269296,0.03419019813706738,0.0,0.041814530824147,0.005917290203695904,5.518387778268689e-05,3913.6894970793,11739.943628875044
15,60.0,291.7412987478998,2919.2652729969604,1435.9726081477654,49.21895467778537,48.532250863030136,0.1451143137368514,2,1.2058406569617055,,,2280.947135581056,1.0,False,,sizing:main_route:climb,0.09436447097474716,8.122974879934379,1.0382255967356149,0.16761506022609055,155650.22483564884,12457.206327679763,,14.864523966808246,0.08197784351972212,0.03419019813706738,0.0,0.04181491061052278,0.0059175496434677715,5.518512866417484e-05,3917.120884808628,11739.937733561286
16,64.0,310.2918216041048,3115.2651865044513,1435.9726081477654,49.26281547694925,48.53196944391168,0.14527423046935006,2,1.2058569213881092,,,2280.808407089927,1.0,False,,sizing:main_route:climb,0.09435486496002986,8.123138553751089,1.0382388884316986,0.16761803295641026,155660.49702973012,12458.028445612732,,14.864558436005161,0.08197847850866204,0.03419019813706738,0.0,0.041815282787128205,0.005917811183733567,5.51864007328757e-05,3920.5584389398255,11739.93179159864
17,68.0,328.8569910486432,3311.4399410039805,1435.9726081477654,49.306767944858464,48.53168706768442,0.14543451564655085,2,1.2058732744229026,,,2280.6674355216396,1.0,False,,sizing:main_route:climb,0.09434510707969132,8.123303623755492,1.0382522471218163,0.1676210273010864,155670.79439196747,12458.85257783713,,14.864594236336286,0.0819791080127085,0.03419019813706738,0.0,0.04181564735333869,0.005918074828232957,5.5187694069475584e-05,3924.0021740614175,11739.925806864669
18,72.0,347.43680844811456,3507.7899046609473,1435.9726081477654,49.35081231628096,48.53140373037153,0.14559517031737124,2,1.2058897163103104,,,2280.5242182646043,1.0,False,,sizing:main_route:climb,0.09433519715635286,8.123470092710296,1.038265673004649,0.16762404330566166,155681.11704473535,12459.678734146984,,14.864631369427602,0.08197973203587178,0.03419019813706738,0.0,0.041816004308951056,0.005918340581126189,5.518900872715685e-05,3927.4521048084557,11739.919783321433
19,76.0,366.0312751321997,3704.3154465865778,1435.9726081477654,49.39494882667836,48.53111942798073,0.14575619553420166,2,1.2059062472976292,,,2280.378752719217,1.0,False,,sizing:main_route:climb,0.09432513501318864,8.12363796337904,1.0382791662793185,0.16762708101831053,155691.4651117327,12460.506924442341,,14.864669836844303,0.08198035058241229,0.03419019813706738,0.0,0.041816353653843084,0.0059186084467568465,5.5190344744970654e-05,3930.908245862856,11739.913725015698
20,80.0,384.6403923935337,3901.0169368407123,1435.9726081477654,49.43917771220408,48.53083415650024,0.145917592352906,2,1.2059228676253173,,,2280.231036298046,1.0,False,,sizing:main_route:climb,0.09431492047522368,8.123807238500557,1.0382927271426572,0.1676301404826601,155701.83871798846,12461.337158729675,,14.864709640377214,0.08198096365615641,0.03419019813706738,0.0,0.041816695387763225,0.005918878429141321,5.5191702184467615e-05,3934.370611953479,11739.907636079346
21,84.0,403.26416148783363,4097.894746434542,1435.9726081477654,49.48349920970118,48.530547911893976,0.14607936183282194,2,1.2059395775370678,,,2280.0810664260557,1.0,False,,sizing:main_route:climb,0.09430455336745767,8.123977920834262,1.038306355794109,0.1676332217429591,155712.2379898669,12462.169447122344,,14.864750781621025,0.08198157126123459,0.03419019813706738,0.0,0.041817029510717925,0.005919150532342893,5.5193081106393186e-05,3937.8392178562653,11739.90152072967
22,88.0,421.90258363365234,4294.9492473334,1435.9726081477654,49.52791355671892,48.53026069011574,0.14624150503681607,2,1.2059563772821793,,,2279.9288405401903,1.0,False,,sizing:main_route:climb,0.09429403351616884,8.124150013146592,1.0383200524342031,0.16763632484797675,155722.66305507187,12463.003799840915,,14.864793262271485,0.08198217340219936,0.03419019813706738,0.0,0.04181735602284155,0.005919424760742813,5.51944815476246e-05,3941.3140783946787,11739.895383269592
23,92.0,440.5556600123962,4492.180812459568,1435.9726081477654,49.57242099149564,48.529972487089864,0.14640402303123906,2,1.2059732670987937,,,2279.774356090069,1.0,False,,sizing:main_route:climb,0.0942833607484368,8.124323518177636,1.0383338172610552,0.1676394498377384,155733.11404265187,12463.840227213566,,14.864837084008224,0.08198277008289527,0.03419019813706738,0.0,0.04181767492413781,0.00591970111809958,5.519590359050294e-05,3944.795208439493,11739.889228088065
24,96.0,459.22339176823954,4689.589815695036,1435.9726081477654,49.61702175297822,48.52968329872799,0.14656691688599013,2,1.2059902472435289,,,2279.617610537497,1.0,False,,sizing:main_route:climb,0.0942725348913642,8.124498438731168,1.038347650479983,0.16764259676354593,155743.59108300495,12464.678739676496,,14.86488224832878,0.08198336130852697,0.03419019813706738,0.0,0.04181798621521893,0.005919979608977899,5.5197347262755796e-05,3948.2826229093457,11739.883059660286
25,100.0,477.90578000789117,4887.176631884354,1435.9726081477654,49.66171608081477,48.52939312091989,0.14673018767450122,2,1.206007317955098,,,2279.45860135682,1.0,False,,sizing:main_route:climb,0.09426155577458606,8.124674777543854,1.0383615522894678,0.16764576566563036,155754.09430788388,12465.519347774309,,14.864928757102561,0.08198394708307515,0.03419019813706738,0.0,0.041818289896215464,0.005920260237146558,5.519881264572989e-05,3951.776336770692,11739.876882548077
26,104.0,496.6028258008525,5084.941636837401,1435.9726081477654,49.70650421536066,48.52910194953614,0.1468938364737617,2,1.206024479486544,,,2279.2973260348977,1.0,False,,sizing:main_route:climb,0.09425042322703396,8.124852537394741,1.038375522892934,0.16764895659361018,155764.62385040044,12466.36206216038,,14.864976611849892,0.08198452741157915,0.03419019813706738,0.0,0.041818585967695096,0.005920543007042522,5.520029977414999e-05,3955.2763650381135,11739.87070140009
27,108.0,515.314530179038,5282.885207332253,1435.9726081477654,49.751386397677706,48.52880978042582,0.14705786436432208,2,1.2060417320852306,,,2279.1337820712265,1.0,False,,sizing:main_route:climb,0.0942391370794495,8.125031721056546,1.0383895624935164,0.16765216959171406,155775.17984503024,12467.206893597251,,14.865025814300385,0.08198510229875605,0.03419019813706738,0.0,0.04181887443025584,0.0059208279227208355,5.5201808711985815e-05,3958.782722774397,11739.864520952158
28,112.0,534.0408941368887,5481.007721117978,1435.9726081477654,49.79636286954124,48.52851660942041,0.14722227243032138,2,1.2060590759980008,,,2278.9679669778875,1.0,False,,sizing:main_route:climb,0.09422769716299376,8.125212331297531,1.0384036712942435,0.16765540470375714,155785.7624276184,12468.05385295706,,14.865076366083827,0.08198567174933462,0.03419019813706738,0.0,0.041819155284537404,0.005921114988204588,5.520333952525377e-05,3962.295425090843,11739.8583460276
29,116.0,552.7819186312137,5679.309556917508,1435.9726081477654,49.84143387343879,48.528222432330324,0.1473870617594896,2,1.206076511476874,,,2278.7998782796994,1.0,False,,sizing:main_route:climb,0.0942161033098759,8.125394370900752,1.03841784950013,0.167658661976744,155796.37173538422,12468.902951221917,,14.865128268867867,0.08198623576846231,0.03419019813706738,0.0,0.04181942853138766,0.005921404207742924,5.520489226435266e-05,3965.814487147379,11739.852181537519
30,120.0,571.5376045811531,5877.7910944304795,1435.9726081477654,49.886599652572094,48.52792724494452,0.14755223344316046,2,1.2060940387738621,,,2278.629513514303,1.0,False,,sizing:main_route:climb,0.094204355353011,8.125577842652115,1.038432097316892,0.16766194145697014,155807.00790692505,12469.754199484234,,14.865181524280475,0.0819867943613486,0.03419019813706738,0.0,0.04181969417176292,0.005921695585534114,5.5206466984187633e-05,3969.3399241527227,11739.846032481038
31,124.0,590.3079528680728,6076.452714336097,1435.9726081477654,49.93186045086155,48.52763104303236,0.14771778857629053,2,1.2061116581365157,,,2278.456870232137,1.0,False,,sizing:main_route:climb,0.09419245312668974,8.125762749320101,1.0384464149487609,0.167665243187755,155817.67108222176,12470.607608947146,,14.86523613405959,0.0819873475329384,0.03419019813706738,0.0,0.041819952206555405,0.005921989125561254,5.520806375435605e-05,3972.871751364625,11739.839903945625
32,128.0,609.0929643355921,6275.294798295992,1435.9726081477654,49.97721651295002,48.52733382234469,0.14788372825747784,2,1.2061293698252429,,,2278.281945996489,1.0,False,,sizing:main_route:climb,0.09418039646524416,8.125949093727996,1.0384608026062507,0.16766856721899215,155828.3614026443,12471.463190924966,,14.865292099754894,0.08198789528916353,0.03419019813706738,0.0,0.04182020263720039,0.005922284832280987,5.5209682614758914e-05,3976.4099840901035,11739.833801107432
33,132.0,627.8926397893464,6474.317728957135,1435.9726081477654,50.022668084200795,48.527035578609826,0.14805005358896164,2,1.2061471740834897,,,2278.104738383653,1.0,False,,sizing:main_route:climb,0.09416818520453067,8.126136878618409,1.0384752604915972,0.16767191359189246,155839.07901095538,12472.320956843465,,14.86534942305598,0.08198843763477058,0.03419019813706738,0.0,0.041820445464540536,0.0059225827095184536,5.5211323644214405e-05,3979.954637685512,11739.827729231518
34,136.0,646.7069799970418,6673.521889954698,1435.9726081477654,50.068215410701825,48.52673630753493,0.14821676567664188,2,1.2061650711688898,,,2277.9252449829683,1.0,False,,sizing:main_route:climb,0.09415581918174798,8.126326106796943,1.0384897888142184,0.16767528235467175,155849.82405131558,12473.180918240289,,14.865408105751154,0.0819889745755966,0.03419019813706738,0.0,0.04182068069003425,0.00592288276160455,5.5212986890410057e-05,3983.505727556785,11739.821693672151
35,140.0,665.5359856884755,6872.907665914948,1435.9726081477654,50.113858739271,48.52643600480847,0.1483838656301016,2,1.2061830613346187,,,2277.7434633967714,1.0,False,,sizing:main_route:climb,0.09414329823345292,8.126516781062133,1.0385043877831628,0.16767867355145566,155860.596669289,12474.043086765427,,14.865468149285793,0.08198950611723321,0.03419019813706738,0.0,0.04182090831516341,0.005923184992579361,5.521467242303903e-05,3987.063269159714,11739.81569987316
36,144.0,684.3796575551585,7072.475442458192,1435.9726081477654,50.15959831745568,48.526134666098,0.14855135456261195,2,1.2062011448361392,,,2277.5593912405398,1.0,False,,sizing:main_route:climb,0.09413062219886624,8.126708904199097,1.0385190576064358,0.16768208722970288,155871.3970118463,12474.907474181433,,14.865529555497206,0.08199003226545408,0.03419019813706738,0.0,0.04182112834138246,0.0059234894067120465,5.5216380292186814e-05,3990.6272780000236,11739.809753368088
37,148.0,703.2379962505981,7272.225606201665,1435.9726081477654,50.20543439353264,48.52583228704693,0.14871923359113906,2,1.2062193219338249,,,2277.3730261430537,1.0,False,,sizing:main_route:climb,0.09411779091655477,8.126902479028187,1.0385337984962564,0.16768552343756854,155882.22522737173,12475.774092363985,,14.865592325872324,0.08199055302647569,0.03419019813706738,0.0,0.0418213407705324,0.005923796008327498,5.521811054840482e-05,3994.197769633575,11739.803859780659
38,152.0,722.1110023899163,7472.158544762469,1435.9726081477654,50.25136721651797,48.525528863282176,0.14888750383637936,2,1.206237592872104,,,2277.1843657461927,1.0,False,,sizing:main_route:climb,0.0941048042275906,8.127097508307202,1.0385486106584936,0.16768898221361062,155893.08146566595,12476.642953302131,,14.865656462255275,0.08199106840542363,0.03419019813706738,0.0,0.041821545604008935,0.0059241048010590155,5.5219863288285483e-05,3997.7747596666577,11739.798024824893
39,156.0,740.9986765500994,7672.274646760507,1435.9726081477654,50.29739703616136,48.5252243904056,0.1490561664227505,2,1.2062559579217924,,,2276.993407705285,1.0,False,,sizing:main_route:climb,0.09409166197241188,8.127293994898695,1.038563494310721,0.1676924636110714,155903.96587795205,12477.514069098765,,14.865721966141988,0.08199157840938416,0.03419019813706738,0.0,0.04182174284418114,0.005924415789595922,5.522163853971181e-05,4001.358263756075,11739.792254305508
40,160.0,759.9010192696204,7872.574301821431,1435.9726081477654,50.343524102954426,48.52491886400018,0.14922522247842168,2,1.2062744173346251,,,2276.800149688945,1.0,False,,sizing:main_route:climb,0.09407836399342878,8.127491941580345,1.038578449661774,0.16769596767285094,155914.8786168798,12478.387451970944,,14.865788839263795,0.08199208304411182,0.03419019813706738,0.0,0.04182193249278818,0.005924728977878076,5.522343637817768e-05,4004.948297609407,11739.786554118145
41,164.0,778.81803104858,8073.057900579609,1435.9726081477654,50.38974866812873,48.52461227962522,0.14939467313531565,2,1.2062929713714374,,,2276.6045893793053,1.0,False,,sizing:main_route:climb,0.09406491013340264,8.127691351163262,1.0385934769245122,0.16769949444692514,155925.81983653063,12479.263114250334,,14.865857083222387,0.08199258231607234,0.03419019813706738,0.0,0.0418221145519415,0.005925044370208132,5.522525685532782e-05,4008.54487698515,11739.780930249684
42,168.0,797.7497123485235,8273.725834681081,1435.9726081477654,50.43607098366426,48.5243046328221,0.14956451952913966,2,1.2063116202857915,,,2276.4067244718663,1.0,False,,sizing:main_route:climb,0.0940513002367204,8.127892226442395,1.038608576310451,0.16770304397534092,155936.78969242197,12480.141068383506,,14.865926699776411,0.08199307623128815,0.03419019813706738,0.0,0.04182228902370039,0.0059253619704664785,5.522710005390755e-05,4012.1480176930168,11739.775388778471
43,172.0,816.6960635925145,8474.578496786533,1435.9726081477654,50.48249130228401,48.523995919106426,0.14973476279937725,2,1.2063303643467516,,,2276.2065526758183,1.0,False,,sizing:main_route:climb,0.09403753414783073,8.128094570263313,1.0386237480369909,0.16770661630976044,155947.7883415129,12481.021326932414,,14.865997690487587,0.08199356479694105,0.03419019813706738,0.0,0.04182245591064405,0.005925681783219882,5.522896600973729e-05,4015.7577355940007,11739.76993587469
44,176.0,835.6570851648903,8675.616280574295,1435.9726081477654,50.52900987746398,48.523686133975495,0.1499054040893241,2,1.2063492038107906,,,2276.0040717138518,1.0,False,,sizing:main_route:climb,0.09402361171247492,8.128298385425671,1.0386389923169956,0.167710211493795,155958.8159422075,12481.903902574673,,14.866070056998328,0.08199404801937211,0.03419019813706738,0.0,0.04182261521505054,0.005926003812456114,5.5230854798066577e-05,4019.374046600689,11739.764577800515
45,180.0,854.6327774112669,8876.839580743337,1435.9726081477654,50.57562696343043,48.523375272902854,0.15007644454608718,2,1.2063681389413463,,,2275.799279322385,1.0,False,,sizing:main_route:climb,0.09400953277756573,8.128503674781134,1.0386543093693543,0.16771382957199205,155969.87265436107,12482.788808104033,,14.866143801000968,0.08199452590552987,0.03419019813706738,0.0,0.04182276693972757,0.005926328062239718,5.523276649520055e-05,4022.9969666773827,11739.759320910525
46,184.0,873.6231406385186,9078.248793016268,1435.9726081477654,50.62234281516339,48.52306333133921,0.15024788532060188,2,1.2063871699990512,,,2275.592173251599,1.0,False,,sizing:main_route:climb,0.0939952971908963,8.12871044109761,1.0386696994043694,0.16771747059468156,155980.95863928398,12483.676056430691,,14.866218924172475,0.08199499846209192,0.03419019813706738,0.0,0.04182291108686904,0.0059266545370191505,5.5234701136341016e-05,4026.626511840308,11739.754171651892
47,188.0,892.6281751146971,9279.844314142343,1435.9726081477654,50.66915768840286,48.52275030471573,0.15041972756765778,2,1.2064062972462484,,,2275.382751265377,1.0,False,,sizing:main_route:climb,0.09398090480094333,8.128918687240676,1.038685162643268,0.16772113460298033,155992.07405974634,12484.565660581698,,14.866295428131444,0.0819954656960824,0.03419019813706738,0.0,0.04182304765957874,0.0059269832406174,5.5236658818883506e-05,4030.2626981578974,11739.749136564664
48,192.0,911.6478810689116,9481.626541900516,1435.9726081477654,50.71607183964526,48.5224361884383,0.1505919724458949,2,1.2064255209537582,,,2275.1710111415478,1.0,False,,sizing:main_route:climb,0.0939663554569504,8.129128416065711,1.0387006993066217,0.16772482164713645,156003.21907998357,12485.45763370135,,14.866373314452904,0.08199592761512063,0.03419019813706738,0.0,0.04182317666096914,0.00592731417749506,5.523863958902787e-05,4033.905541750866,11739.744222282097
49,196.0,930.682258691225,9683.595875102455,1435.9726081477654,50.763085526152004,48.52212097789327,0.15076462111783606,2,1.2064448413783184,,,2274.956950671758,1.0,False,,sizing:main_route:climb,0.0939516490104257,8.129339630343637,1.0387163096063274,0.16772853177199104,156014.39386569956,12486.351989051487,,14.866452585004248,0.08199638422582102,0.03419019813706738,0.0,0.04182329809353028,0.005927647351709898,5.524064351346171e-05,4037.5550587925154,11739.73943553083
50,200.0,949.7313081328508,9885.752713595584,1435.9726081477654,50.81019900594847,48.52180466844324,0.15093767474989153,2,1.2064642587909684,,,2274.740567661653,1.0,False,,sizing:main_route:climb,0.09393678531155313,8.129552332944058,1.0387319937653408,0.16773226502562769,156025.5985840731,12487.248740011984,,14.866533241142175,0.08199683553596622,0.03419019813706738,0.0,0.041823411960676224,0.0059279827675701065,5.524267065253216e-05,4041.211265508917,11739.734783131258
51,204.0,968.7950295056276,10088.097458266175,1435.9726081477654,50.85741253782663,48.521487255428156,0.15111113451237312,2,1.2064837734567817,,,2274.521859930909,1.0,False,,sizing:main_route:climb,0.0939217642139716,8.129766526706671,1.0387477520038328,0.16773602145294866,156036.83340376144,12488.14790008104,,14.866615284777875,0.0819972815529613,0.03419019813706738,0.0,0.04182351826566194,0.005928320429150981,5.524472108101733e-05,4044.874178179045,11739.730271997754
52,208.0,987.8734228824527,10290.630511042362,1435.9726081477654,50.904726381349455,48.521168734165705,0.1512850015795152,2,1.2065033856456138,,,2274.3008253132675,1.0,False,,sizing:main_route:climb,0.0939065855699603,8.129982214472264,1.0387635845425245,0.16773980110308956,156048.09849490516,12489.049482875576,,14.866698717302933,0.0819977222845856,0.03419019813706738,0.0,0.04182361701184392,0.005928660340823491,5.524679485081354e-05,4048.543813135088,11739.72590913892
53,212.0,1006.9664882967501,10493.352274897272,1435.9726081477654,50.95214079685061,48.520849099949636,0.15145927712948035,2,1.2065230956219506,,,2274.0774616566378,1.0,False,,sizing:main_route:climb,0.09389124923466606,8.130199399079029,1.0387794916022997,0.16774360401965085,156059.39402913285,12489.953502131597,,14.866783540530289,0.08199815773833058,0.03419019813706738,0.0,0.04182370820265148,0.005929002506567436,5.524889204429325e-05,4052.22018676253,11739.72170165789
54,216.0,1026.0742257427833,10696.263153852064,1435.9726081477654,50.99965604543842,48.520528348049936,0.1516339623443789,2,1.2065429036585833,,,2273.851766823167,1.0,False,,sizing:main_route:climb,0.0938757550634201,8.130418083385106,1.0387954734066345,0.16774743025194902,156070.72017956653,12490.859971704642,,14.866869756094914,0.08199858792232613,0.03419019813706738,0.0,0.04182379184177667,0.005929346930767138,5.525101271492857e-05,4055.9033155004468,11739.717656752639
55,220.0,1045.1966351754338,10899.363552979044,1435.9726081477654,51.04727238900527,48.52020647371968,0.15180905841030404,2,1.2065628100207575,,,2273.623738689037,1.0,False,,sizing:main_route:climb,0.09386010291234384,8.130638270244727,1.0388115301789942,0.1677512798417636,156082.07712082466,12491.768905569996,,14.866957365591988,0.08199901284426503,0.03419019813706738,0.0,0.04182386793296584,0.005929693617274215,5.5253156957587784e-05,4059.593215841816,11739.713781716071
56,224.0,1064.3337165100972,11102.653878404792,1435.9726081477654,51.09499009021518,48.5198834721806,0.1519845665173018,2,1.2065828149851858,,,2273.393375145017,1.0,False,,sizing:main_route:climb,0.09384429263891446,8.130859962509032,1.0388276621429953,0.1677551528421906,156093.4650290284,12492.680317823235,,14.867046370694457,0.08199943251264867,0.03419019813706738,0.0,0.04182393648004329,0.00593004257073326,5.5255324804722105e-05,4063.289904333421,11739.710083936534
57,228.0,1083.4854696226914,11306.134537313254,1435.9726081477654,51.14280941251861,48.51955933863445,0.15216048785942282,2,1.2066029188195055,,,2273.160674096137,1.0,False,,sizing:main_route:climb,0.09382832410144314,8.13108316302805,1.038843869522564,0.16775904929694166,156104.88408180542,12493.594222680493,,14.867136773041706,0.0819998469354504,0.03419019813706738,0.0,0.0418239974869154,0.005930393795126927,5.525751634068301e-05,4066.9933975763124,11739.70657089791
58,232.0,1102.651894349562,11509.805937948868,1435.9726081477654,51.19073062015399,48.51923406826189,0.1523368236347342,2,1.2066231217942596,,,2272.9256334617708,1.0,False,,sizing:main_route:climb,0.09381219715883084,8.131307874662728,1.0388601525432375,0.16776296925102208,156116.33445829438,12494.510634478833,,14.86722857418389,0.08200025612091455,0.03419019813706738,0.0,0.041824050957673435,0.00593074729452945,5.5259731644255686e-05,4070.703712226001,11739.703250179893
59,236.0,1121.832990487337,11713.668489619731,1435.9726081477654,51.238753978142434,48.51890765621503,0.15251357504531066,2,1.2066434241884885,,,2272.688251175943,1.0,False,,sizing:main_route:climb,0.09379591167225544,8.131534100283009,1.038876511431996,0.1677669127564924,156127.8163391502,12495.429567676652,,14.867321775953279,0.08200066007792174,0.03419019813706738,0.0,0.04182409689658609,0.005931103073511602,5.526197075665895e-05,4074.4208649924813,11739.700129458333
60,240.0,1141.0287577931206,11917.722602700707,1435.9726081477654,51.28687975230086,48.51858009762658,0.1526907432972819,2,1.2066638262759741,,,2272.448525187073,1.0,False,,sizing:main_route:climb,0.09377946750175836,8.131761842764014,1.0388929464168064,0.16777087985916772,156139.329906548,12496.351036854056,,14.867416379707196,0.08200105881508313,0.03419019813706738,0.0,0.04182413530805722,0.005931461136204061,5.526423375446154e-05,4078.144872640702,11739.697216505412
61,244.0,1160.2391959839974,12121.96868863663,1435.9726081477654,51.33510820923559,48.51825138760229,0.15286832960082025,2,1.2066843283221569,,,2272.206453458284,1.0,False,,sizing:main_route:climb,0.0937628645113175,8.131991104950457,1.0389094577228335,0.1677748705993234,156150.87534418766,12497.275056713152,,14.867512387454353,0.08200145234048327,0.03419019813706738,0.0,0.041824166196335465,0.005931821486338832,5.5266520741594406e-05,4081.875751990525,11739.694519189932
62,248.0,1179.4643047375646,12326.407159945427,1435.9726081477654,51.38343961635199,48.51792152122596,0.15304633517017746,2,1.2067049306147355,,,2271.962033967288,1.0,False,,sizing:main_route:climb,0.09374610256242064,8.132221889735584,1.0389260455809104,0.1677788850338251,156162.45283729976,12498.201642078557,,14.867609800423546,0.08200184066380113,0.03419019813706738,0.0,0.04182418956617297,0.0059321841288243705,5.526883173639417e-05,4085.6135199171736,11739.692045477625
63,252.0,1198.7040836911553,12531.03843022134,1435.9726081477654,51.43187424185293,48.51759049355691,0.15322476122368678,2,1.2067256334261676,,,2271.715264706518,1.0,False,,sizing:main_route:climb,0.0937291815204585,8.132454200013665,1.038942710222441,0.1677829232037268,156174.06257264788,12499.130807897584,,14.86770862048726,0.0820022237937964,0.03419019813706738,0.0,0.04182420542242882,0.005932549067455393,5.527116684480066e-05,4089.3581933512432,11739.689803431282
64,256.0,1217.9585324423656,12735.862914138092,1435.9726081477654,51.480412354742356,48.51725829962946,0.15340360898378216,2,1.2067464370329248,,,2271.4661436831984,1.0,False,,sizing:main_route:climb,0.0937121012511625,8.132688038649599,1.038959451876131,0.1677869851567938,156185.70473853475,12500.062569240732,,14.86780884936618,0.08200260173950401,0.03419019813706738,0.0,0.04182421376981424,0.005932916306489657,5.5273526132708694e-05,4093.109789279031,11739.687801211116
65,260.0,1237.227650548853,12940.88102745208,1435.9726081477654,51.52905422482903,48.51692493445405,0.1535828796770167,2,1.206767341712189,,,2271.2146689193632,1.0,False,,sizing:main_route:climb,0.09369486161965496,8.132923408505231,1.0389762707708172,0.16779107094137174,156197.37952480654,12500.996941302017,,14.86791048841711,0.08200297451006608,0.03419019813706738,0.0,0.041824214613112934,0.005933285850222972,5.527590966278746e-05,4096.868324742747,11739.686047074987
66,264.0,1256.5114375279438,13146.093187005627,1435.9726081477654,51.57780012272785,48.51659039301649,0.1537625745340735,2,1.20678834774557,,,2270.960838451928,1.0,False,,sizing:main_route:climb,0.0936774624937582,8.133160312485106,1.0389931671403971,0.16779518060517282,156209.0871228571,12501.933939399329,,14.868013539369766,0.08200334211505603,0.03419019813706738,0.0,0.04182420795756738,0.0059336577029148645,5.52783175064031e-05,4100.633816840651,11739.684549378648
67,268.0,1275.809892856909,13351.49981073017,1435.9726081477654,51.62665031986519,48.51625467027974,0.15394269478979009,2,1.2068094554144408,,,2270.704650332691,1.0,False,,sizing:main_route:climb,0.09365990374260574,8.133398753488724,1.039010141218682,0.1677993141957587,156220.8277256324,12502.87357897478,,14.868118004017072,0.08200370456408959,0.03419019813706738,0.0,0.04182419380847529,0.005934031868811461,5.5280749735465516e-05,4104.406282727372,11739.683316575956
68,272.0,1295.1230159729653,13557.101317649502,1435.9726081477654,51.6756050884737,48.515917761175956,0.1541232416831506,2,1.2068306650029186,,,2270.4461026286363,1.0,False,,sizing:main_route:climb,0.09364218523466944,8.133638734411987,1.0390271932395956,0.1678034717633231,156232.60152763568,12503.815875595108,,14.868223883770455,0.08200406186702665,0.03419019813706738,0.0,0.04182417217121125,0.0059344083523407,5.528320640732369e-05,4108.185739613977,11739.682357219228
69,276.0,1314.4508062728596,13762.898127882998,1435.9726081477654,51.724664701608106,48.51557966061952,0.15430421645733994,2,1.2068519767839088,,,2270.185193421556,1.0,False,,sizing:main_route:climb,0.09362430684098076,8.133880258131779,1.0390443234354467,0.16780765334846193,156244.40872493075,12504.760844951956,,14.868331180384136,0.08200441403302887,0.03419019813706738,0.0,0.04182414305108202,0.0059347871572490935,5.528568763037034e-05,4111.9722047683945,11739.681679959322
70,280.0,1333.7932631131266,13968.890662648904,1435.9726081477654,51.77382943313909,48.515240363497895,0.1544856203597339,2,1.2068733910473777,,,2269.9219208084132,1.0,False,,sizing:main_route:climb,0.09360626843280008,8.134123327578447,1.039061532044782,0.16781185900259565,156256.24951514823,12505.708502862364,,14.868439895429633,0.08200476107253044,0.03419019813706738,0.0,0.0418241064539477,0.005935168288055632,5.528819345974013e-05,4115.7656955155135,11739.681293546068
71,284.0,1353.150385809859,14175.079344267593,1435.9726081477654,51.823099557753174,48.51489986466922,0.1546674546419066,2,1.2068949080777218,,,2269.656282901467,1.0,False,,sizing:main_route:climb,0.09358806988238068,8.134367945650709,1.0390788193032376,0.16781608877448442,156268.12409748847,12506.658865268992,,14.868550030464293,0.0820051029956199,0.03419019813706738,0.0,0.0418240623855084,0.005935551749082148,5.52907239619778e-05,4119.566229237303,11739.681206828383
72,288.0,1372.5221736386325,14381.464596164817,1435.9726081477654,51.87247535096504,48.51455815897102,0.15484972055967455,2,1.206916528152148,,,2269.388277828024,1.0,False,,sizing:main_route:climb,0.09356971106405744,8.13461411522439,1.0390961854444392,0.1678203427077092,156280.03267272608,12507.61194824051,,14.868661587277849,0.08200543981194436,0.03419019813706738,0.0,0.04182401085136818,0.0059359375442789,5.5293279229871864e-05,4123.373823373228,11739.681428754526
73,292.0,1391.9086258346624,14588.04684287502,1435.9726081477654,51.921957089112425,48.51421524121235,0.15503241937309012,2,1.2069382515658356,,,2269.117903730767,1.0,False,,sizing:main_route:climb,0.09355119185115336,8.13486183924816,1.039113630710345,0.16782462085549044,156291.97544321552,12508.567767972012,,14.868774567197466,0.08200577153251884,0.03419019813706738,0.0,0.041823951857849935,0.005936325678289811,5.529585931171753e-05,4127.188495420352,11739.681968372395
74,296.0,1411.3097415923153,14794.826510044637,1435.9726081477654,51.97154504936452,48.51387110617978,0.1552155523464736,2,1.2069600786018837,,,2268.8451587675972,1.0,False,,sizing:main_route:climb,0.09353251212100057,8.135111120638031,1.0391311553398637,0.16782892326201976,156303.95261289488,12509.526340785349,,14.868888972209987,0.0820060981675845,0.03419019813706738,0.0,0.04182388541110102,0.005936716155113922,5.52984643021757e-05,4131.010262933605,11739.682834829751
75,300.0,1430.7255200656589,15001.804024435363,1435.9726081477654,52.02123950971809,48.51352574862968,0.1553991207484106,2,1.2069820095498485,,,2268.570041111933,1.0,False,,sizing:main_route:climb,0.0935136717488434,8.135361962296816,1.039148759570988,0.1678332499788604,156315.96438728974,12510.487683129424,,14.869004803597448,0.08200641972785093,0.03419019813706738,0.0,0.04182381151726615,0.0059371089792632755,5.5301094254113464e-05,4134.839143525947,11739.684037374403
76,304.0,1450.1559603677536,15208.979813927539,1435.9726081477654,52.07104074900808,48.51317916329689,0.15558312585179054,2,1.2070040446917203,,,2268.2925489524905,1.0,False,,sizing:main_route:climb,0.09349467061333536,8.135614367144436,1.0391664436440151,0.16783760104770534,156328.0109735186,12511.451811580602,,14.869122063166564,0.08200673622363515,0.03419019813706738,0.0,0.04182373018273288,0.005937504154557793,5.530374927709748e-05,4138.675154868673,11739.685585354497
77,308.0,1469.6010615710736,15416.354307523423,1435.9726081477654,52.12094904690571,48.512831344888994,0.1557675689338103,2,1.2070261843244825,,,2268.012680493507,1.0,False,,sizing:main_route:climb,0.09347550859343312,8.135868338121801,1.0391842078019915,0.16784197652249105,156340.09258029668,12512.418742843076,,14.86924075255244,0.0820070476663362,0.03419019813706738,0.0,0.04182364141417087,0.0059379016856820465,5.530642941589509e-05,4142.518314691602,11739.687488218735
78,312.0,1489.0608227072946,15623.927935350574,1435.9726081477654,52.170964683919344,48.512482288084676,0.15595245127598373,2,1.2070484287344498,,,2267.730433954845,1.0,False,,sizing:main_route:climb,0.09345618556795636,8.13612387816084,1.0392020522875012,0.1678463764469488,156352.20941794047,12513.388493749168,,14.869360873118787,0.08200735406671844,0.03419019813706738,0.0,0.041823545218281966,0.005938301576598233,5.530913477087067e-05,4146.368640783241,11739.68975551663
79,316.0,1508.5352427669818,15831.701128665183,1435.9726081477654,52.221087941403205,48.51213198753985,0.15613777416417618,2,1.207070778212471,,,2267.4458075718553,1.0,False,,sizing:main_route:climb,0.09343670141911864,8.136380990171638,1.0392199773412492,0.16785080087122176,156364.3616983722,12514.361081259722,,14.869482426747627,0.08200765543586994,0.03419019813706738,0.0,0.04182344160168544,0.0059387038317122295,5.531186540487836e-05,4150.22615099109,11739.692396898708
80,320.0,1528.02432070001,16039.674319855445,1435.9726081477654,52.27131910155568,48.51178043788192,0.1563235388886079,2,1.2070932330595996,,,2267.1587995955897,1.0,False,,sizing:main_route:climb,0.09341705602836584,8.136639677154253,1.039237983214125,0.16785524984547467,156376.5496351234,12515.336522464375,,14.869605414907653,0.08200795178577537,0.03419019813706738,0.0,0.04182333057186514,0.005939108455451632,5.5314621391237415e-05,4154.090863221852,11739.695422116709
81,324.0,1547.5280554151261,16247.847942444929,1435.9726081477654,52.32165844742397,48.511427633712366,0.1565097467438757,2,1.2071157935569938,,,2266.869408292788,1.0,False,,sizing:main_route:climb,0.09339724927919267,8.136899941954834,1.0392560701409483,0.1678597234160455,156388.77344334096,12516.314834582055,,14.869729839282813,0.08200824312692508,0.03419019813706738,0.0,0.04182321213511573,0.005939515451934789,5.531740280717307e-05,4157.962795441634,11739.698841023914
82,328.0,1567.0464457800877,16456.222431095972,1435.9726081477654,52.372106262906215,48.51107356960541,0.1566963990289678,2,1.2071384600066075,,,2266.5776319459515,1.0,False,,sizing:main_route:climb,0.09337728105507666,8.13716178761038,1.0392742383775735,0.16786422162903394,156401.03333978934,12517.29603496114,,14.869855701310135,0.08200852947157285,0.03419019813706738,0.0,0.04182308629944402,0.005939924825308128,5.532020975331773e-05,4161.841965676189,11739.702663575246
83,332.0,1586.5794906213775,16664.798221613084,1435.9726081477654,52.4226628327541,48.51071824010806,0.15688349704727936,2,1.2071612327034789,,,2266.283468853408,1.0,False,,sizing:main_route:climb,0.0933571512417996,8.137425217021578,1.0392924881656875,0.16786874453779166,156413.32954285713,12518.280141079998,,14.869983002696696,0.08200881083135306,0.03419019813706738,0.0,0.0418229530718176,0.005940336580192968,5.5323042275101685e-05,4165.728392011121,11739.706899827655
84,336.0,1606.127188724398,16873.57575094634,1435.9726081477654,52.47332844257811,48.51036163974175,0.15707104210663714,2,1.2071841119460665,,,2265.98691732929,1.0,False,,sizing:main_route:climb,0.09333685972491952,8.137690233186115,1.0393108197579075,0.16787329218815894,156425.66227255913,12519.267170547148,,14.870111744855935,0.08200908721836732,0.03419019813706738,0.0,0.041822812460125584,0.0059407507207035574,5.5325900470801686e-05,4169.622092592176,11739.71155994015
85,340.0,1625.6895388331384,17082.55545719483,1435.9726081477654,52.52410337884638,48.51000376299897,0.15725903551930384,2,1.2072070980231422,,,2265.6879757037,1.0,False,,sizing:main_route:climb,0.09331640639368677,8.137956838990686,1.0393292333954192,0.16787786462772306,156438.03175054202,12520.257141101709,,14.870241929778702,0.08200935864396544,0.03419019813706738,0.0,0.04182266447143335,0.005941167251047977,5.532878441673069e-05,4173.523085625364,11739.71665417416
86,344.0,1645.2665396506604,17291.737779610034,1435.9726081477654,52.574987928893925,48.509644604347685,0.15744747860201475,2,1.2072301912420604,,,2265.386642322616,1.0,False,,sizing:main_route:climb,0.0932957911349612,8.138225037454067,1.0393477293341111,0.16788246190794925,156450.4382000892,12521.250070613803,,14.870373558677805,0.0820096251210103,0.03419019813706738,0.0,0.04182250911402219,0.00594158617573751,5.5331694183222104e-05,4177.431389377398,11739.722192893747
87,348.0,1664.8581898383097,17501.123158599352,1435.9726081477654,52.6259823809142,48.50928415822238,0.15763637267595998,2,1.2072533918973098,,,2265.0829155482197,1.0,False,,sizing:main_route:climb,0.0932750138395081,8.138494831546913,1.0393663078252282,0.16788708407208172,156462.88184612236,12522.245977084658,,14.870506633387278,0.08200988666152305,0.03419019813706738,0.0,0.04182234639588391,0.005942007498690945,5.533462988081389e-05,4181.347022175575,11739.728186565702
88,352.0,1684.464488016247,17710.712035729455,1435.9726081477654,52.67708702397759,48.50892241903711,0.15782571906684928,2,1.2072767002981282,,,2264.776793758533,1.0,False,,sizing:main_route:climb,0.09325407439719104,8.138766224236301,1.0393849691201056,0.1678917311780225,156475.36291520958,12523.244878647272,,14.870641155295816,0.08201014327854368,0.03419019813706738,0.0,0.041822176325081464,0.005942431224855694,5.533759153913834e-05,4185.270002408436,11739.73464575995
89,356.0,1704.0854327629706,17920.504853729864,1435.9726081477654,52.72830214802114,48.50855938117386,0.1580155191048886,2,1.207300116731902,,,2264.46827534784,1.0,False,,sizing:main_route:climb,0.09323297269973238,8.139039218459267,1.039403713467376,0.16789640326452585,156487.8816355668,12524.246793566528,,14.870777125955879,0.08201039498371926,0.03419019813706738,0.0,0.04182199890953942,0.005942857357822103,5.5340579290359336e-05,4189.200348525643,11739.741581149643
90,360.0,1723.721022615414,18130.502056496363,1435.9726081477654,52.77962804385631,48.508195038986685,0.15820577412481265,2,1.2073236415109816,,,2264.1573587265816,1.0,False,,sizing:main_route:climb,0.09321170864111966,8.139313817225405,1.0394225411239917,0.16790110038699013,156500.43823706155,12525.251740239491,,14.870914547176021,0.08201064179052095,0.03419019813706738,0.0,0.041821814157902384,0.005943285902367736,5.534359318345664e-05,4193.138079038341,11739.749003511304
91,364.0,1743.371256069133,18340.70408909448,1435.9726081477654,52.83106500317317,48.50782938680198,0.15839648546590604,2,1.207347274935052,,,2263.844042321421,1.0,False,,sizing:main_route:climb,0.09319028211542832,8.139590023506614,1.0394414523433604,0.1679058225916917,156513.03295122052,12526.259737196013,,14.87105342053421,0.08201088371160588,0.03419019813706738,0.0,0.04182162207860804,0.00594371686261666,5.534663331378562e-05,4197.083212519467,11739.75692372527
92,368.0,1763.0361315780344,18551.111397763,1435.9726081477654,52.882613318545076,48.507462418920475,0.15858765447202575,2,1.2073710173139922,,,2263.5283245752066,1.0,False,,sizing:main_route:climb,0.09316869301575756,8.139867840315405,1.0394604473837654,0.1679105699302269,156525.66601123082,12527.270803098838,,14.871193747140968,0.08201112076043865,0.03419019813706738,0.0,0.04182142268054352,0.005944150243075411,5.5349699752329006e-05,4201.035767603979,11739.76535277571
93,372.0,1782.715647553877,18761.72442991756,1435.9726081477654,52.9342732834233,48.50709412961052,0.15877928249159293,2,1.2073948689458247,,,2263.2102039472393,1.0,False,,sizing:main_route:climb,0.09314694124202824,8.140147270600428,1.0394795264971537,0.16791534244867093,156538.33765194422,12528.284956743935,,14.871335529374747,0.08201135294967947,0.03419019813706738,0.0,0.0418212159721746,0.005944586047843886,5.535279259361153e-05,4204.99576298885,11739.774301750847
94,1720460627.83861,1800.0,0.0,1435.9726081477654,76.9,70.4075362735657,0.2307126723383495,3,0.5864260829675016,,,1008.1548027398187,0.5971357741793594,True,,sizing:main_route:cruise,0.0,3.5625543285077126,0.5058966088554553,0.08052947411204638,101910.74504346088,8156.256628311654,,13.972944678382971,0.04208912521700421,0.03419019813706738,0.0,0.006979322701063989,0.0008972999722088679,2.2304406663977465e-05,4536.633213212729,7298.572060516823
94,0.0,1800.0,0.0,1435.9726081477656,57.81604977201462,52.934793517781515,0.17345767681337468,3,1.0385010127214265,,,306.5452221240025,0.14263183515757907,True,,sizing:main_route:descent,-0.03459937340074779,7.512474708814054,0.8908060948431034,0.14769491787832306,30054.763796616626,2405.382929189217,,17.73860666243516,0.058538545372412494,0.03419019813706738,0.0,0.019517162318321894,0.004760650805176755,7.053411184646065e-05,3224.511107679585,1896.5131138334884
95,18.0,1764.0,1040.0660450383828,1435.9726081477656,57.713004612712155,52.93566900034226,0.17307529040387723,3,1.0384734435195802,,,305.60070336140706,0.14215086852154984,True,,sizing:main_route:descent,-0.034661174465498774,7.512587556084542,0.8907809640396489,0.14769247947993122,29976.56470566515,2399.124395276734,,17.74023492956123,0.058531599261192335,0.03419019813706738,0.0,0.019510230638547597,0.004760615947254951,7.0554538322402e-05,3218.0188318685005,1891.787648285649
96,36.0,1728.0,2078.27616445657,1435.9726081477656,57.61022583520922,52.936539940515054,0.17269405670250346,3,1.038446148298075,,,304.65420156841185,0.14166978199331745,True,,sizing:main_route:descent,-0.03472303612685187,7.512704502483711,0.8907561629323999,0.14768998536567493,29898.506480793098,2392.8771353461407,,17.741888626080282,0.058524653254068686,0.03419019813706738,0.0,0.01950330124901657,0.004760577975361022,7.057589262371429e-05,3211.54295705587,1887.0680597180906
97,54.0,1692.0,3114.6351520346934,1435.9726081477656,57.507712551972794,52.93740636534641,0.17231397134575419,3,1.0384190340974746,,,303.7067395991606,0.14118904735515758,True,,sizing:main_route:descent,-0.03478495838703346,7.512823378767812,0.8907315159196567,0.14768751817781783,29820.64776741054,2386.6458429850904,,17.743544904841922,0.05851771012266248,0.03419019813706738,0.0,0.019496372756058793,0.004760541873831567,7.059735570473185e-05,3205.08422535935,1882.3588709222968
98,72.0,1656.0,4149.1477855772455,1435.9726081477656,57.40546387898899,52.93826830169387,0.1719350299896943,3,1.0383920998408824,,,302.75831738666784,0.1407086604252298,True,,sizing:main_route:descent,-0.0348469412482958,7.512944176326519,0.8907070220865606,0.14768507775432188,29742.987796125104,2380.4304566165456,,17.745203767596486,0.058510769802464564,0.03419019813706738,0.0,0.019489445106262396,0.004760507631738717,7.061892739607035e-05,3198.642578956675,1877.6600445687573
99,90.0,1620.0,5181.818826976421,1435.9726081477656,57.303478935764225,52.93912577624271,0.17155722830990336,3,1.0383653444584304,,,301.80893486351226,0.14022861701033487,True,,sizing:main_route:descent,-0.03490898471290671,7.513066886607819,0.8906826805242565,0.14768266393417398,29665.52580047876,2374.2309148983163,,17.74686521610079,0.05850383222935903,0.03419019813706738,0.0,0.019482518246537153,0.004760475238224009,7.064060753048596e-05,3192.217960262752,1872.9715434400107
100,108.0,1584.0,6212.653022275486,1435.9726081477656,57.201756845298995,52.939978815497575,0.17118056200134488,3,1.0383387668875952,,,300.8585919617461,0.13974891290575606,True,,sizing:main_route:descent,-0.03497108878315597,7.513191501120721,0.8906584903301582,0.14768027655743704,29588.261016915836,2368.0471567204972,,17.748529252118146,0.05849689733963751,0.03419019813706738,0.0,0.01947559212412547,0.004760444682501713,7.066239594295362e-05,3185.810311927961,1868.2933304289263
101,126.0,1548.0,7241.655101731666,1435.9726081477656,57.10029673407145,52.94082744578274,0.17080502677826465,3,1.0383123660731677,,,299.90728861294684,0.13926954389519372,True,,sizing:main_route:descent,-0.03503325346135574,7.513318011434929,0.890634450607916,0.14767791546525155,29511.19268476718,2361.8791212041997,,17.75019587741708,0.058489965069997644,0.03419019813706738,0.0,0.019468666686600758,0.004760415953858897,7.068429247060758e-05,3179.4195768370328,1863.6253685381346
102,144.0,1512.0,8268.829779878746,1435.9726081477656,56.999097732034144,52.94167169325483,0.17043061837412954,3,1.038286140966774,,,298.95502474823905,0.13879050575072097,True,,sizing:main_route:descent,-0.03509547874983307,7.513446409176909,0.8906105604670222,0.14767558049975185,29434.32004624251,2355.726747700942,,17.751865093773215,0.058483035357519,0.03419019813706738,0.0,0.019461741881849015,0.00476038904164991,7.070629695269393e-05,3173.0456981085354,1858.9676208799772
103,162.0,1476.0,9294.181755589612,1435.9726081477656,56.89815897258469,52.94251158389105,0.170057332541488,3,1.038260090527326,,,298.0018002982174,0.1383117942326209,True,,sizing:main_route:descent,-0.0351577646509383,7.513576686033665,0.8905868190231836,0.14767327150414247,29357.642346397297,2349.5899757899965,,17.753536902968346,0.05847610813968419,0.03419019813706738,0.0,0.01945481765808481,0.004760363935301339,7.072840923064532e-05,3166.6886190930454,1854.3200506747148
104,180.0,1440.0,10317.715712138257,1435.9726081477656,56.7974795925578,52.94334714349726,0.16968516505189501,3,1.0382342137206817,,,297.0476151930448,0.13783340508936376,True,,sizing:main_route:descent,-0.03522011116704048,7.513708833749821,0.8905632253980331,0.14767098832264852,29281.158833125843,2343.468745277838,,17.755211306789693,0.05846918335436243,0.03419019813706738,0.0,0.019447893963838347,0.00476034062430874,7.07506291479654e-05,3160.348283372472,1849.6826212505616
105,198.0,1404.0,11339.43631726165,1435.9726081477656,56.69705873220909,52.94417839770835,0.16931411169581306,3,1.0382085095196678,,,296.09246936233455,0.13735533405745842,True,,sizing:main_route:descent,-0.03528251830052786,7.513842844128003,0.8905397787191596,0.14766873080050819,29204.868757135922,2337.3629961961115,,17.75688830703238,0.05846226093980919,0.03419019813706738,0.0,0.01944097074795536,0.0047603190982361135,7.077295655033373e-05,3154.024634758826,1845.0552960423734
106,216.0,1368.0,12359.348223221315,1435.9726081477656,56.596895535200176,52.945005371989716,0.16894416828251663,3,1.038182976903972,,,295.1363627353202,0.13687757686144236,True,,sizing:main_route:descent,-0.03534498605380762,7.513978709027683,0.8905164781199982,0.14766649878397392,29128.77137194083,2331.2726688009975,,17.75856790549574,0.058455340834661654,0.03419019813706738,0.0,0.01943404795959293,0.00476029934671591,7.079539128542977e-05,3147.717617293271,1840.4380385916552
107,234.0,1332.0,13377.456066864634,1435.9726081477656,56.49698914858154,52.945828091636585,0.16857533063999114,3,1.038157614860195,,,294.17929524069257,0.13640012921370906,True,,sizing:main_route:descent,-0.03540751442930707,7.514116420365849,0.8904933227398896,0.14766429212030543,29052.865933830755,2325.197703570921,,17.76025010398659,0.058448422977939556,0.03419019813706738,0.0,0.019427125548220486,0.004760281359448607,7.081793320307537e-05,3141.427175244828,1835.8308125449962
108,252.0,1296.0,14393.764469685844,1435.9726081477656,56.39733872277964,52.94664658177715,0.16820759461484408,3,1.0381324223817217,,,293.2212668066679,0.13592298681445342,True,,sizing:main_route:descent,-0.035470103429472176,7.514255970115873,0.8904703117239664,0.14766211065775534,28977.151701860465,2319.138041205566,,17.761934904318153,0.0584415073090389,0.03419019813706738,0.0,0.019420203463614664,0.004760265126201696,7.084058215516021e-05,3135.1532531094413,1831.2335816537227
109,270.0,1260.0,15408.278037886816,1435.9726081477656,56.297943411579745,52.94746086737193,0.16784095607220445,3,1.0381073984687352,,,292.262277360978,0.13544614535156851,True,,sizing:main_route:descent,-0.03553275305676887,7.514397350307602,0.8904474442231621,0.14765995424557316,28901.627937829526,2313.0936226242893,,17.763622308309888,0.05843459376773204,0.03419019813706738,0.0,0.019413281655859104,0.004760250636809924,7.086333799563155e-05,3128.895795608801,1826.6463097730016
110,288.0,1224.0,16421.001362437502,1435.9726081477656,56.198802372114194,52.94827097321758,0.16747541089563817,3,1.0380825421280686,,,291.3023268308857,0.13496960050056817,True,,sizing:main_route:descent,-0.035595463313681006,7.514540553026166,0.890424719394088,0.14765782273398068,28826.293906268013,2307.064388964983,,17.765312317787792,0.05842768229415994,0.03419019813706738,0.0,0.019406360075338455,0.004760237881173626,7.088620058047695e-05,3122.65474768944,1822.0689608613282
111,306.0,1188.0,17431.939019136185,1435.9726081477656,56.0999147648454,52.94907692394634,0.1671109549870482,3,1.0380578523732193,,,290.34141514320294,0.1344933479244954,True,,sizing:main_route:descent,-0.03565823420271158,7.514685570412033,0.8904021363990408,0.14765571597417856,28751.148874418257,2301.0502815826076,,17.767004934583625,0.058420772828832686,0.03419019813706738,0.0,0.019399438672738453,0.004760226849259165,7.090916976768806e-05,3116.430054521576,1817.5014989797378
112,324.0,1152.0,18441.09556866942,1435.9726081477656,56.00127975355214,52.949878744028084,0.16674758426658512,3,1.038033328224266,,,289.3795422242666,0.13401738327381899,True,,sizing:main_route:descent,-0.03572106572638203,7.514832394660394,0.8903796944059363,0.1476536338183296,28676.19211221703,2295.05124204777,,17.76870016053565,0.0584138653126246,0.03419019813706738,0.0,0.019392517399042155,0.004760217531097786,7.093224541727957e-05,3110.2216614980966,1812.9438882910317
113,342.0,1116.0,19448.475556671732,1435.9726081477656,55.902896505312945,52.95067645776964,0.16638529467254895,3,1.0380089687079022,,,288.416707999878,0.1335417021863056,True,,sizing:main_route:descent,-0.03578395788723329,7.514981018021509,0.8903573925883401,0.1476515761195621,28601.422892273196,2289.067212144931,,17.770397997489685,0.058406959686775055,0.03419019813706738,0.0,0.019385596205530545,0.0047602099167858,7.095542739132074e-05,3104.02951423337,1808.3960930586647
114,360.0,1080.0,20454.083513785004,1435.9726081477656,55.804764190495696,52.95147008931995,0.16602408216130993,3,1.037984772857218,,,287.4529123954515,0.13306630028700314,True,,sizing:main_route:descent,-0.03584691068782311,7.515131432798713,0.8903352301252739,0.1476495427319441,28526.840489862007,2283.0981338719557,,17.772098447296628,0.05840005589287827,0.03419019813706738,0.0,0.019378675043774194,0.004760203996482883,7.097871555380133e-05,3097.8535585625123,1803.8580776468682
115,378.0,1044.0,21457.92395571769,1435.9726081477656,55.70688198273555,52.95225966266414,0.16566394270719506,3,1.0379607397119288,,,286.488155335865,0.13259117318805458,True,,sizing:main_route:descent,-0.03590992413073066,7.515283631350499,0.890313206201415,0.1476475335105139,28452.44418289369,2277.143949437592,,17.773801511814334,0.05839315387289306,0.03419019813706738,0.0,0.01937175386564088,0.00476019976041405,7.100210977075127e-05,3091.6937405398803,1799.329806518881
116,396.0,1008.0,22460.00138330363,1435.9726081477656,55.60924905892969,52.95304520163343,0.16530487230242458,3,1.0379368683180017,,,285.52243674554927,0.13211631648866684,True,,sizing:main_route:descent,-0.035972998218550635,7.515437606087341,0.89029132000678,0.14764554831122162,28378.233251908605,2271.2046012610854,,17.77550719290749,0.05838625356912469,0.03419019813706738,0.0,0.019364832623281408,0.004760197198865762,7.1025609910142e-05,3085.5500064385446,1794.811244237084
117,414.0,972.0,23460.320282560748,1435.9726081477656,55.51186459921588,52.953826729899504,0.16494686695700095,3,1.03791315772785,,,284.55575654846143,0.1316417257749808,True,,sizing:main_route:descent,-0.0360361329538976,7.515593349473323,0.8902695707368866,0.14764358699096336,28304.20698005305,2265.280031970246,,17.777215492446874,0.05837935492423368,0.03419019813706738,0.0,0.019357911269136198,0.004760196302188187,7.104921584190963e-05,3079.422302748911,1790.302355461781
118,432.0,936.0,24458.88512474941,1435.9726081477656,55.414727786963965,52.954604270981285,0.1645899226986364,3,1.0378896070000776,,,283.5881146681403,0.13116739662001387,True,,sizing:main_route:descent,-0.03609932833940212,7.515750854023962,0.8902479575925353,0.14764164940754226,28230.364653069977,2259.3701844007,,17.77892641230929,0.05837245788122326,0.03419019813706738,0.0,0.019350989755925415,0.00476019706079258,7.107292743788249e-05,3073.3105761780107,1785.8031049510066
119,450.0,900.0,25455.70036643057,1435.9726081477656,55.31783780875421,52.955377848239024,0.16423403557264193,3,1.0378662151997142,,,282.6195110275411,0.1306933245834638,True,,sizing:main_route:descent,-0.036162584377715475,7.515910112308375,0.8902264797800185,0.1476397354196958,28156.705559267037,2253.4750015933387,,17.780639954379822,0.05836556238344925,0.03419019813706738,0.0,0.019344068036656854,0.004760199465153075,7.109674457193124e-05,3067.21477364802,1781.3134575587114
120,468.0,864.0,26450.77044952359,1435.9726081477656,55.221193854369524,52.956147484881505,0.16387920164185737,3,1.0378429813979073,,,281.64994554926744,0.1302195052117331,True,,sizing:main_route:descent,-0.0362259010715054,7.5160711169464305,0.8902051365108428,0.14763784488706447,28083.228989517702,2247.5944267944,,17.782356120547984,0.05835866837460615,0.03419019813706738,0.0,0.019337146064614435,0.0047602035058045885,7.112066711974338e-05,3061.134842295718,1776.8333782353527
121,486.0,828.0,27444.099801363853,1435.9726081477656,55.12479511677813,52.95691320396416,0.16352541698655398,3,1.0378199046720136,,,280.6794181553965,0.1297459340377372,True,,sizing:main_route:descent,-0.036289278423458006,7.516233860609742,0.8901839270018204,0.14763597767019332,28009.934237232286,2241.728403453157,,17.78407491271102,0.05835177579873,0.03419019813706738,0.0,0.019330223793360767,0.004760209173342886,7.11446949589664e-05,3055.0707294712083,1772.3628320262662
122,504.0,792.0,28435.69283476013,1435.9726081477656,55.02864079212078,52.95767502839135,0.16317267770435026,3,1.0377969841055115,,,279.70792876751966,0.12927260658082573,True,,sizing:main_route:descent,-0.03635271643627689,7.516398336020891,0.8901628504749911,0.14763413363052036,27936.820598344333,2235.876875220825,,17.785796332773305,0.058344884600193755,0.03419019813706738,0.0,0.01932330117673339,0.004760216458423826,7.116882796916416e-05,3049.0223827370037,1767.9017840711654
123,522.0,756.0,29425.553948051667,1435.9726081477656,54.93273007969853,52.95843298091928,0.1628209799101301,3,1.0377742187878507,,,278.73547730686886,0.12879951834674216,True,,sizing:main_route:descent,-0.03641621511268183,7.51656453595204,0.890141906157487,0.1476323126303638,27863.88737130243,2230.0397859499044,,17.78752038264391,0.05833799472370068,0.03419019813706738,0.0,0.019316378168839132,0.0047602253517624645,7.119306603169486e-05,3042.9897498672117,1763.450199604055
124,540.0,720.0,30413.687525165067,1435.9726081477656,54.83706218195012,52.959187084148645,0.16247031973593018,3,1.0377516078147757,,,277.76206369406344,0.12832666482738034,True,,sizing:main_route:descent,-0.036479774455414435,7.516732453227901,0.8901210932818182,0.14763051453295756,27791.133857032823,2224.2170796911932,,17.7892470642405,0.05833110611429754,0.03419019813706738,0.0,0.019309454724064843,0.004760235844135382,7.12174090299266e-05,3036.972778845947,1759.0080439509834
125,558.0,684.0,31400.09793567078,1435.9726081477656,54.741636304452626,52.95993736053976,0.1621206933308969,3,1.0377291502877086,,,276.7876878493993,0.12785404150085214,True,,sizing:main_route:descent,-0.03654339446722839,7.516902080720311,0.8901004110853401,0.1476287392023685,27718.55935895021,2218.408700694648,,17.79097637948595,0.0583242187173464,0.03419019813706738,0.0,0.019302530797054844,0.0047602479263752166,7.124185684896096e-05,3030.9714178672516,1754.5752825313011
126,576.0,648.0,32384.789534839587,1435.9726081477656,54.646451655894516,52.96068383240094,0.16177209686116129,3,1.0377068453142138,,,275.8123496926213,0.12738164383124212,True,,sizing:main_route:descent,-0.036607075150898095,7.517073411352346,0.8900798588106538,0.14762698650356004,27646.163182918295,2212.6145934062274,,17.79270833031072,0.05831733247854509,0.03419019813706738,0.0,0.01929560634272706,0.004760261589374816,7.126640937583841e-05,3024.985615333319,1750.1518808552837
127,594.0,612.0,33367.76666369861,1435.9726081477656,54.551507448066154,52.961426521893735,0.16142452650976655,3,1.037684692007777,,,274.8360491430117,0.12690946726855384,True,,sizing:main_route:descent,-0.036670816509215776,7.517246438096377,0.8900594357054143,0.1476252563023625,27573.944637241708,2206.834702467245,,17.79444291865178,0.05831044734391666,0.03419019813706738,0.0,0.019288681316264555,0.0047602768240852895,7.129106649944085e-05,3019.0153198537905,1745.7378045240175
128,612.0,576.0,34349.033649087134,1435.9726081477656,54.456802895852334,52.96216545103991,0.16107797847660146,3,1.0376626894875325,,,273.8587861194989,0.12643750724866928,True,,sizing:main_route:descent,-0.03673461854498713,7.517421153971708,0.8900391410220975,0.14762354846543493,27501.903032660593,2201.0689727139356,,17.796180146451572,0.05830356325979645,0.03419019813706738,0.0,0.01928175567310525,0.004760293621513437,7.131582811038454e-05,3013.0604802451658,1741.33301922947
129,630.0,540.0,35328.594803712316,1435.9726081477656,54.362337217207845,52.9629006417121,0.1607324489782839,3,1.0376408368786474,,,272.8805605404035,0.1259657591930957,True,,sizing:main_route:descent,-0.03679848126103857,7.517597552048061,0.8900189740183356,0.14762186286031176,27430.037682311424,2195.317349174324,,17.797920015661393,0.05829668017284845,0.03419019813706738,0.0,0.019274829368954995,0.00476031197272483,7.1340694101243e-05,3007.12104552913,1736.9374907521078
130,648.0,504.0,36306.454426204444,1435.9726081477656,54.268109633152214,52.963632115642945,0.16038793424810147,3,1.0376191333119236,,,271.9013723237176,0.1254942185090077,True,,sizing:main_route:descent,-0.036862404660211456,7.517775625441923,0.8899989339565637,0.14762019935535986,27358.347901733177,2189.579777068712,,17.799662528237008,0.05828979803004765,0.03419019813706738,0.0,0.019267902359773055,0.004760331868840928,7.136566436627883e-05,3001.1969649321995,1732.551184961828
131,666.0,468.0,37282.616801172095,1435.9726081477656,54.17411936775079,52.96435989442073,0.1600444305359119,3,1.037597577924,,,270.92122138687955,0.12502288058901945,True,,sizing:main_route:descent,-0.036926388745365746,7.51795536731855,0.8899790201042074,0.14761855781979277,27286.833008833994,2183.856201807014,,17.801407686142493,0.05828291677868778,0.03419019813706738,0.0,0.0192609746017787,0.004760353301040042,7.139073880164946e-05,2995.2881878843436,1728.174067815974
132,684.0,432.0,38257.08619925697,1435.9726081477656,54.08036564810666,52.96508399949574,0.159701934108076,3,1.0375761698570871,,,269.94010764692763,0.12455174081115995,True,,sizing:main_route:descent,-0.036990433519376226,7.518136770889538,0.8899592317334462,0.1476169381236409,27215.49232388815,2178.146568988515,,17.80315549134804,0.058276036366369015,0.03419019813706738,0.0,0.01925404605144108,0.00476037626055531,7.141591730524077e-05,2989.3946640184054,1723.8061053595793
133,702.0,396.0,39229.86687718857,1435.9726081477656,53.98684770434317,52.96580445217721,0.15936044124736265,3,1.0375549082590687,,,268.9580310204751,0.12408079453873937,True,,sizing:main_route:descent,-0.03705453898513515,7.518319829413718,0.8899395681213003,0.1476153401377685,27144.32516951504,2172.450824400187,,17.80490594582965,0.05826915674100248,0.03419019813706738,0.0,0.019247116665482608,0.004760400738675795,7.144119977669334e-05,2983.5163431689393,1719.4472637243105
134,720.0,360.0,40200.963077838554,1435.9726081477656,53.893564769591165,52.96652127363495,0.15901994825286844,3,1.0375337922834753,,,267.9749914235915,0.12361003712018338,True,,sizing:main_route:descent,-0.03711870514555188,7.518504536197096,0.8899200285496184,0.1476137637338569,27073.33087065711,2166.7689140149237,,17.80665905157194,0.05826227785080752,0.03419019813706738,0.0,0.019240186400877234,0.004760426726745414,7.146658611749634e-05,2977.6531753712134,1715.0975091272849
135,738.0,324.0,41170.379030274875,1435.9726081477656,53.80051607997622,52.96723448490071,0.1586804514399374,3,1.037512821089397,,,266.99098877192137,0.12313946388897719,True,,sizing:main_route:descent,-0.037182932003552376,7.518690884591987,0.8899006123049936,0.14761220878440337,27002.50875457096,2161.100783990829,,17.808414810565633,0.05825539964430802,0.03419019813706738,0.0,0.019233255214846992,0.0047604542161627725,7.149207623087459e-05,2971.805110860387,1710.756807870896
136,756.0,288.0,42138.11894981569,1435.9726081477656,53.7077008746066,52.96794410687036,0.15834194714008298,3,1.0374919938413856,,,266.0060229807235,0.12266907016357236,True,,sizing:main_route:descent,-0.037247219562078354,7.518878867996133,0.8898813186786773,0.14761067516270826,26931.85815081422,2155.4463806701647,,17.81017322480695,0.058248522070327526,0.03419019813706738,0.0,0.01922632306485807,0.004760483198380336,7.15176700217349e-05,2965.972100070659,1706.4251263423068
137,774.0,252.0,43104.18703808304,1435.9726081477656,53.61511839556133,52.96865016030613,0.15800443170091097,3,1.037471309709409,,,265.0200939647768,0.12219885124723219,True,,sizing:main_route:descent,-0.037311567824086324,7.5190684798525025,0.8898621469665517,0.1476091627428573,26861.3783912258,2149.8056505777713,,17.811934296300038,0.05824164507798583,0.03419019813706738,0.0,0.01921938990861845,0.004760513664903239,7.154336739675451e-05,2960.154093634339,1702.10243101243
138,792.0,216.0,44068.58748305633,1435.9726081477656,53.522767887866934,52.96935266582742,0.15766790148600898,3,1.0374507678691653,,,264.03320163830705,0.12172880242785587,True,,sizing:main_route:descent,-0.037375976792554604,7.519259713651923,0.8898430964693902,0.14760767139977518,26791.068809897544,2144.1785404188,,17.813698027056414,0.05823476861671347,0.03419019813706738,0.0,0.01921245570408885,0.004760545607292806,7.156916826442781e-05,2954.3510423803787,1697.788688434341
139,810.0,180.0,45031.32445912541,1435.9726081477656,53.430648599504096,52.97005164393126,0.15733235287492442,3,1.0374303675012986,,,263.04534591529915,0.1212589189780567,True,,sizing:main_route:descent,-0.03744044647046952,7.519452562926247,0.8898241664921859,0.14760620100911262,26720.928743191558,2138.5649970800973,,17.815464419092287,0.05822789263621538,0.03419019813706738,0.0,0.01920552040945416,0.004760579017159062,7.159507253477569e-05,2948.5628973346315,1693.4838652449437
140,828.0,144.0,45992.40212714368,1435.9726081477656,53.33875978137094,52.97074711496976,0.15699778226301503,3,1.0374101077922806,,,262.05652670906727,0.12078919615478624,True,,sizing:main_route:descent,-0.037504976860841914,7.519647021256176,0.8898053563449125,0.14760475144736807,26650.957529681895,2132.964967625541,,17.81723347443304,0.05822101708651025,0.03419019813706738,0.0,0.019198583983154372,0.0047606138861687585,7.162108011973261e-05,2942.7896097174885,1689.187928161188
141,846.0,108.0,46951.82463448067,1435.9726081477656,53.24710068729208,52.97143909917281,0.15666418606143448,3,1.0373899879335189,,,261.06674393263677,0.1203196291994476,True,,sizing:main_route:descent,-0.03756956796669168,7.519843082263424,0.8897866653417581,0.14760332259176073,26581.154510177148,2127.378399297844,,17.81900519510952,0.05821414191788957,0.03419019813706738,0.0,0.01919164638385241,0.004760650206036988,7.164719093279083e-05,2937.0311309442986,1684.9008439821166
142,864.0,72.0,47909.59611507468,1435.9726081477656,53.15567057399212,52.97212761663542,0.15633156069701326,3,1.0373700071218437,,,260.0759974985382,0.11985021333764664,True,,sizing:main_route:descent,-0.037634219791057306,7.520040739614984,0.8897680928015399,0.1476019143203039,26511.5190276829,2121.8052395155546,,17.82077958315967,0.05820726708093947,0.03419019813706738,0.0,0.019184707570450918,0.004760687968532001,7.16734048891691e-05,2931.287412623667,1680.6225795865848
143,882.0,36.0,48865.72068948501,1435.9726081477656,53.06446870108247,52.97281268731826,0.1559999026121796,3,1.0373501645594876,,,259.084287318802,0.11938094377906876,True,,sizing:main_route:descent,-0.03769893233699601,7.5202399870229595,0.8897496380476869,0.14760052651180058,26442.05042738527,2116.245435871734,,17.8225566406286,0.058200392526539156,0.03419019813706738,0.0,0.01917776750209109,0.004760727165474863,7.169972190581967e-05,2925.558406556535,1676.3531019324882
